date,brl_usd
05/01/2016,4.0108
06/01/2016,4.0297
07/01/2016,4.0469
08/01/2016,4.0244
11/01/2016,4.0147
12/01/2016,4.0293
13/01/2016,3.9857
14/01/2016,4.0217
15/01/2016,4.0396
18/01/2016,4.0358
19/01/2016,4.0297
20/01/2016,4.0855
21/01/2016,4.1552
22/01/2016,4.1226
25/01/2016,4.0991
26/01/2016,4.0961
27/01/2016,4.0441
28/01/2016,4.0832
29/01/2016,4.0422
01/02/2016,3.9979
02/02/2016,3.9913
03/02/2016,3.9552
04/02/2016,3.8646
05/02/2016,3.8969
10/02/2016,3.9406
11/02/2016,3.9636
12/02/2016,3.9884
15/02/2016,3.9879
16/02/2016,4.0207
17/02/2016,4.0312
18/02/2016,4.0084
19/02/2016,4.0486
22/02/2016,3.9612
23/02/2016,3.9678
24/02/2016,3.9894
25/02/2016,3.9394
26/02/2016,3.9571
29/02/2016,3.979
01/03/2016,3.9907
02/03/2016,3.911
03/03/2016,3.8498
04/03/2016,3.7182
07/03/2016,3.7708
08/03/2016,3.7807
09/03/2016,3.7031
10/03/2016,3.6694
11/03/2016,3.6265
14/03/2016,3.6232
15/03/2016,3.711
16/03/2016,3.8073
17/03/2016,3.6439
18/03/2016,3.614
21/03/2016,3.6223
22/03/2016,3.6067
23/03/2016,3.6525
24/03/2016,3.6942
28/03/2016,3.6401
29/03/2016,3.6681
30/03/2016,3.611
31/03/2016,3.5583
01/04/2016,3.5793
04/04/2016,3.5865
05/04/2016,3.6575
06/04/2016,3.6743
07/04/2016,3.6915
08/04/2016,3.6379
11/04/2016,3.5278
12/04/2016,3.54
13/04/2016,3.5423
14/04/2016,3.512
15/04/2016,3.527
18/04/2016,3.5898
19/04/2016,3.5532
20/04/2016,3.5497
22/04/2016,3.5823
25/04/2016,3.5466
26/04/2016,3.5294
27/04/2016,3.5289
28/04/2016,3.4986
29/04/2016,3.4502
02/05/2016,3.4985
03/05/2016,3.5544
04/05/2016,3.5391
05/05/2016,3.529
06/05/2016,3.5356
09/05/2016,3.538
10/05/2016,3.4766
11/05/2016,3.4639
12/05/2016,3.4871
13/05/2016,3.5035
16/05/2016,3.5029
17/05/2016,3.5031
18/05/2016,3.5362
19/05/2016,3.5997
20/05/2016,3.5413
23/05/2016,3.5654
24/05/2016,3.5485
25/05/2016,3.5798
27/05/2016,3.6162
30/05/2016,3.5991
31/05/2016,3.5945
01/06/2016,3.612
02/06/2016,3.5955
03/06/2016,3.5403
06/06/2016,3.5092
07/06/2016,3.4739
08/06/2016,3.3892
09/06/2016,3.3811
10/06/2016,3.4255
13/06/2016,3.4527
14/06/2016,3.4833
15/06/2016,3.4762
16/06/2016,3.4898
17/06/2016,3.4366
20/06/2016,3.3829
21/06/2016,3.3891
22/06/2016,3.3877
23/06/2016,3.3527
24/06/2016,3.3766
27/06/2016,3.3928
28/06/2016,3.3261
29/06/2016,3.2429
30/06/2016,3.2092
01/07/2016,3.2292
04/07/2016,3.2474
05/07/2016,3.2898
06/07/2016,3.3236
07/07/2016,3.3382
08/07/2016,3.2962
11/07/2016,3.3025
12/07/2016,3.2744
13/07/2016,3.289
14/07/2016,3.2305
15/07/2016,3.265
18/07/2016,3.2628
19/07/2016,3.2795
20/07/2016,3.2506
21/07/2016,3.2579
22/07/2016,3.2848
25/07/2016,3.2813
26/07/2016,3.2784
27/07/2016,3.2814
28/07/2016,3.2734
29/07/2016,3.2384
01/08/2016,3.2656
02/08/2016,3.2484
03/08/2016,3.2727
04/08/2016,3.2177
05/08/2016,3.1853
08/08/2016,3.1765
09/08/2016,3.1497
10/08/2016,3.1296
11/08/2016,3.1358
12/08/2016,3.1596
15/08/2016,3.1666
16/08/2016,3.1743
17/08/2016,3.2242
18/08/2016,3.2209
19/08/2016,3.2261
22/08/2016,3.2157
23/08/2016,3.2047
24/08/2016,3.2366
25/08/2016,3.2313
26/08/2016,3.2147
29/08/2016,3.2607
30/08/2016,3.2519
31/08/2016,3.2397
01/09/2016,3.2466
02/09/2016,3.2425
05/09/2016,3.2715
06/09/2016,3.2446
08/09/2016,3.1928
09/09/2016,3.2632
12/09/2016,3.2848
13/09/2016,3.2966
14/09/2016,3.3256
15/09/2016,3.332
16/09/2016,3.2998
19/09/2016,3.263
20/09/2016,3.2534
21/09/2016,3.2402
22/09/2016,3.2009
23/09/2016,3.2236
26/09/2016,3.2394
27/09/2016,3.2352
28/09/2016,3.247
29/09/2016,3.2229
30/09/2016,3.2456
03/10/2016,3.2332
04/10/2016,3.2197
05/10/2016,3.2353
06/10/2016,3.2304
07/10/2016,3.2128
10/10/2016,3.2119
11/10/2016,3.213
13/10/2016,3.2081
14/10/2016,3.1858
17/10/2016,3.1957
18/10/2016,3.1868
19/10/2016,3.1794
20/10/2016,3.1599
21/10/2016,3.1587
24/10/2016,3.1305
25/10/2016,3.1187
26/10/2016,3.1213
27/10/2016,3.1423
28/10/2016,3.1809
31/10/2016,3.1805
01/11/2016,3.2047
03/11/2016,3.2304
04/11/2016,3.2443
07/11/2016,3.2018
08/11/2016,3.2018
09/11/2016,3.2252
10/11/2016,3.3098
11/11/2016,3.4371
14/11/2016,3.444
16/11/2016,3.4177
17/11/2016,3.4046
18/11/2016,3.3911
21/11/2016,3.3511
22/11/2016,3.347
23/11/2016,3.3921
24/11/2016,3.3981
25/11/2016,3.4273
28/11/2016,3.399
29/11/2016,3.4054
30/11/2016,3.3961
01/12/2016,3.4356
02/12/2016,3.4644
05/12/2016,3.4592
06/12/2016,3.4348
07/12/2016,3.3889
08/12/2016,3.4002
09/12/2016,3.3852
12/12/2016,3.3691
13/12/2016,3.3334
14/12/2016,3.3097
15/12/2016,3.3824
16/12/2016,3.3706
19/12/2016,3.3772
20/12/2016,3.358
21/12/2016,3.3291
22/12/2016,3.3296
23/12/2016,3.269
26/12/2016,3.2695
27/12/2016,3.277
28/12/2016,3.2768
29/12/2016,3.2585
30/12/2016,3.2585
02/01/2017,3.2723
03/01/2017,3.2626
04/01/2017,3.2327
05/01/2017,3.2123
06/01/2017,3.2051
09/01/2017,3.2091
10/01/2017,3.1912
11/01/2017,3.2148
12/01/2017,3.1655
13/01/2017,3.2028
16/01/2017,3.2228
17/01/2017,3.2094
18/01/2017,3.2205
19/01/2017,3.2107
20/01/2017,3.1912
23/01/2017,3.1603
24/01/2017,3.1643
25/01/2017,3.1679
26/01/2017,3.1798
27/01/2017,3.159
30/01/2017,3.131
31/01/2017,3.1264
01/02/2017,3.1473
02/02/2017,3.119
03/02/2017,3.1235
06/02/2017,3.1173
07/02/2017,3.1298
08/02/2017,3.1248
09/02/2017,3.1179
10/02/2017,3.1149
13/02/2017,3.1169
14/02/2017,3.0998
15/02/2017,3.0773
16/02/2017,3.0504
17/02/2017,3.0944
20/02/2017,3.0912
21/02/2017,3.0964
22/02/2017,3.0818
23/02/2017,3.0632
24/02/2017,3.0987
01/03/2017,3.097
02/03/2017,3.1132
03/03/2017,3.1358
06/03/2017,3.1105
07/03/2017,3.1179
08/03/2017,3.1471
09/03/2017,3.1729
10/03/2017,3.1617
13/03/2017,3.1535
14/03/2017,3.1633
15/03/2017,3.1623
16/03/2017,3.1074
17/03/2017,3.1069
20/03/2017,3.0892
21/03/2017,3.0759
22/03/2017,3.0933
23/03/2017,3.1242
24/03/2017,3.1276
27/03/2017,3.125
28/03/2017,3.1297
29/03/2017,3.1223
30/03/2017,3.1241
31/03/2017,3.1678
03/04/2017,3.1161
04/04/2017,3.1225
05/04/2017,3.0917
06/04/2017,3.1154
07/04/2017,3.1296
10/04/2017,3.1403
11/04/2017,3.1418
12/04/2017,3.1457
13/04/2017,3.1263
17/04/2017,3.103
18/04/2017,3.0952
19/04/2017,3.1288
20/04/2017,3.1447
24/04/2017,3.1245
25/04/2017,3.1571
26/04/2017,3.1841
27/04/2017,3.1757
28/04/2017,3.1978
02/05/2017,3.1718
03/05/2017,3.1483
04/05/2017,3.1774
05/05/2017,3.1758
08/05/2017,3.1932
09/05/2017,3.1851
10/05/2017,3.16
11/05/2017,3.1553
12/05/2017,3.1284
15/05/2017,3.1005
16/05/2017,3.0918
17/05/2017,3.107
18/05/2017,3.3756
19/05/2017,3.2872
22/05/2017,3.2857
23/05/2017,3.2648
24/05/2017,3.2623
25/05/2017,3.2818
26/05/2017,3.2608
29/05/2017,3.2703
30/05/2017,3.2653
31/05/2017,3.2431
01/06/2017,3.2301
02/06/2017,3.2395
05/06/2017,3.2814
06/06/2017,3.2811
07/06/2017,3.2741
08/06/2017,3.2832
09/06/2017,3.2734
12/06/2017,3.298
13/06/2017,3.3202
14/06/2017,3.283
16/06/2017,3.2886
19/06/2017,3.2969
20/06/2017,3.3139
21/06/2017,3.3241
22/06/2017,3.3356
23/06/2017,3.3336
26/06/2017,3.3122
27/06/2017,3.3166
28/06/2017,3.3024
29/06/2017,3.2946
30/06/2017,3.3076
03/07/2017,3.3009
04/07/2017,3.3044
05/07/2017,3.3187
06/07/2017,3.3058
07/07/2017,3.2889
10/07/2017,3.2644
11/07/2017,3.2516
12/07/2017,3.2258
13/07/2017,3.2102
14/07/2017,3.1893
17/07/2017,3.1815
18/07/2017,3.1662
19/07/2017,3.1527
20/07/2017,3.1396
21/07/2017,3.125
24/07/2017,3.1453
25/07/2017,3.155
26/07/2017,3.1651
27/07/2017,3.1507
28/07/2017,3.1451
31/07/2017,3.1301
01/08/2017,3.1154
02/08/2017,3.1262
03/08/2017,3.1188
04/08/2017,3.1218
07/08/2017,3.1261
08/08/2017,3.1314
09/08/2017,3.1458
10/08/2017,3.1537
11/08/2017,3.1689
14/08/2017,3.1882
15/08/2017,3.197
16/08/2017,3.1664
17/08/2017,3.1597
18/08/2017,3.1648
21/08/2017,3.1437
22/08/2017,3.1533
23/08/2017,3.1563
24/08/2017,3.1398
25/08/2017,3.1456
28/08/2017,3.1557
29/08/2017,3.1689
30/08/2017,3.1632
31/08/2017,3.1465
01/09/2017,3.1327
04/09/2017,3.1383
05/09/2017,3.1197
06/09/2017,3.1127
08/09/2017,3.0902
11/09/2017,3.0846
12/09/2017,3.1138
13/09/2017,3.1337
14/09/2017,3.1348
15/09/2017,3.1249
18/09/2017,3.1233
19/09/2017,3.1317
20/09/2017,3.1275
21/09/2017,3.1341
22/09/2017,3.1279
25/09/2017,3.1406
26/09/2017,3.1668
27/09/2017,3.1926
28/09/2017,3.1865
29/09/2017,3.1674
02/10/2017,3.1636
03/10/2017,3.1496
04/10/2017,3.1309
05/10/2017,3.1341
06/10/2017,3.1642
09/10/2017,3.1764
10/10/2017,3.1682
11/10/2017,3.1633
13/10/2017,3.1567
16/10/2017,3.1601
17/10/2017,3.1763
18/10/2017,3.1667
19/10/2017,3.1727
20/10/2017,3.1827
23/10/2017,3.1997
24/10/2017,3.2464
25/10/2017,3.2381
26/10/2017,3.2438
27/10/2017,3.2795
30/10/2017,3.2541
31/10/2017,3.2763
01/11/2017,3.273
03/11/2017,3.2914
06/11/2017,3.2845
07/11/2017,3.2727
08/11/2017,3.2503
09/11/2017,3.2509
10/11/2017,3.2655
13/11/2017,3.2867
14/11/2017,3.2828
16/11/2017,3.2802
17/11/2017,3.2782
20/11/2017,3.2608
21/11/2017,3.2585
22/11/2017,3.2555
23/11/2017,3.2365
24/11/2017,3.2294
27/11/2017,3.2212
28/11/2017,3.2226
29/11/2017,3.213
30/11/2017,3.261
01/12/2017,3.263
04/12/2017,3.25
05/12/2017,3.2316
06/12/2017,3.2348
07/12/2017,3.2886
08/12/2017,3.2805
11/12/2017,3.2839
12/12/2017,3.3143
13/12/2017,3.303
14/12/2017,3.3326
15/12/2017,3.3176
18/12/2017,3.2875
19/12/2017,3.2877
20/12/2017,3.2903
21/12/2017,3.3039
22/12/2017,3.3203
26/12/2017,3.3194
27/12/2017,3.3024
28/12/2017,3.3074
29/12/2017,3.3074
02/01/2018,3.2691
03/01/2018,3.2529
04/01/2018,3.2312
05/01/2018,3.2403
08/01/2018,3.2351
09/01/2018,3.2391
10/01/2018,3.2461
11/01/2018,3.2295
12/01/2018,3.2192
15/01/2018,3.1957
16/01/2018,3.2213
17/01/2018,3.2318
18/01/2018,3.2123
19/01/2018,3.2081
22/01/2018,3.1928
23/01/2018,3.2243
24/01/2018,3.1964
25/01/2018,3.138
26/01/2018,3.1444
29/01/2018,3.1648
30/01/2018,3.1655
31/01/2018,3.1618
01/02/2018,3.1724
02/02/2018,3.2054
05/02/2018,3.2349
06/02/2018,3.2607
07/02/2018,3.2461
08/02/2018,3.2686
09/02/2018,3.2815
14/02/2018,3.2531
15/02/2018,3.2202
16/02/2018,3.2375
19/02/2018,3.2341
20/02/2018,3.2501
21/02/2018,3.2549
22/02/2018,3.2592
23/02/2018,3.2411
26/02/2018,3.2345
27/02/2018,3.2377
28/02/2018,3.2443
01/03/2018,3.2614
02/03/2018,3.2608
05/03/2018,3.2576
06/03/2018,3.224
07/03/2018,3.2312
08/03/2018,3.2512
09/03/2018,3.249
12/03/2018,3.26
13/03/2018,3.2486
14/03/2018,3.2578
15/03/2018,3.2853
16/03/2018,3.2899
19/03/2018,3.2905
20/03/2018,3.2975
21/03/2018,3.2915
22/03/2018,3.3027
23/03/2018,3.3035
26/03/2018,3.3028
27/03/2018,3.325
28/03/2018,3.3374
29/03/2018,3.3232
02/04/2018,3.3098
03/04/2018,3.3133
04/04/2018,3.3532
05/04/2018,3.319
06/04/2018,3.366
09/04/2018,3.3897
10/04/2018,3.4189
11/04/2018,3.4046
12/04/2018,3.3852
13/04/2018,3.4099
16/04/2018,3.4257
17/04/2018,3.4035
18/04/2018,3.3838
19/04/2018,3.3971
20/04/2018,3.4096
23/04/2018,3.4415
24/04/2018,3.4661
25/04/2018,3.5034
26/04/2018,3.4971
27/04/2018,3.467
30/04/2018,3.4805
02/05/2018,3.5418
03/05/2018,3.5478
04/05/2018,3.5302
07/05/2018,3.5452
08/05/2018,3.5782
09/05/2018,3.5937
10/05/2018,3.5561
11/05/2018,3.571
14/05/2018,3.6091
15/05/2018,3.6747
16/05/2018,3.6797
17/05/2018,3.6868
18/05/2018,3.7497
21/05/2018,3.7066
22/05/2018,3.6496
23/05/2018,3.6501
24/05/2018,3.643
25/05/2018,3.6581
28/05/2018,3.7086
29/05/2018,3.7283
30/05/2018,3.7364
01/06/2018,3.7407
04/06/2018,3.7418
05/06/2018,3.7746
06/06/2018,3.8187
07/06/2018,3.8994
08/06/2018,3.7853
11/06/2018,3.6907
12/06/2018,3.7038
13/06/2018,3.7048
14/06/2018,3.7051
15/06/2018,3.7732
18/06/2018,3.7537
19/06/2018,3.756
20/06/2018,3.7329
21/06/2018,3.7888
22/06/2018,3.7657
25/06/2018,3.7754
26/06/2018,3.7715
27/06/2018,3.8352
28/06/2018,3.8515
29/06/2018,3.8552
02/07/2018,3.9049
03/07/2018,3.8914
04/07/2018,3.9052
05/07/2018,3.9186
06/07/2018,3.9258
09/07/2018,3.868
10/07/2018,3.8446
11/07/2018,3.8411
12/07/2018,3.8558
13/07/2018,3.8739
16/07/2018,3.8573
17/07/2018,3.8665
18/07/2018,3.8468
19/07/2018,3.8841
20/07/2018,3.7787
23/07/2018,3.7909
24/07/2018,3.7453
25/07/2018,3.7114
26/07/2018,3.7237
27/07/2018,3.7158
30/07/2018,3.7149
31/07/2018,3.7543
01/08/2018,3.7485
02/08/2018,3.7639
03/08/2018,3.7195
06/08/2018,3.7208
07/08/2018,3.7112
08/08/2018,3.7513
09/08/2018,3.8024
10/08/2018,3.8466
13/08/2018,3.8982
14/08/2018,3.8806
15/08/2018,3.9128
16/08/2018,3.8804
17/08/2018,3.9383
20/08/2018,3.9424
21/08/2018,3.9867
22/08/2018,4.0734
23/08/2018,4.0721
24/08/2018,4.0848
27/08/2018,4.0681
28/08/2018,4.1186
29/08/2018,4.1347
30/08/2018,4.1806
31/08/2018,4.1347
03/09/2018,4.1273
04/09/2018,4.1646
05/09/2018,4.1603
06/09/2018,4.1454
10/09/2018,4.1001
11/09/2018,4.1635
12/09/2018,4.1253
13/09/2018,4.1631
14/09/2018,4.1873
17/09/2018,4.1689
18/09/2018,4.1363
19/09/2018,4.1345
20/09/2018,4.0991
21/09/2018,4.0722
24/09/2018,4.0588
25/09/2018,4.128
26/09/2018,4.0564
27/09/2018,4.0086
28/09/2018,4.0033
01/10/2018,4.0267
02/10/2018,3.9499
03/10/2018,3.8536
04/10/2018,3.9041
05/10/2018,3.8693
08/10/2018,3.7582
09/10/2018,3.7385
10/10/2018,3.7504
11/10/2018,3.7454
15/10/2018,3.7326
16/10/2018,3.7073
17/10/2018,3.7002
18/10/2018,3.6957
19/10/2018,3.7073
22/10/2018,3.6897
23/10/2018,3.7074
24/10/2018,3.7054
25/10/2018,3.7008
26/10/2018,3.6746
29/10/2018,3.6362
30/10/2018,3.7013
31/10/2018,3.7171
01/11/2018,3.6968
05/11/2018,3.7042
06/11/2018,3.7486
07/11/2018,3.7586
08/11/2018,3.7385
09/11/2018,3.75
12/11/2018,3.7472
13/11/2018,3.7786
14/11/2018,3.7918
16/11/2018,3.7519
19/11/2018,3.7547
20/11/2018,3.7574
21/11/2018,3.7866
22/11/2018,3.8097
23/11/2018,3.8075
26/11/2018,3.8649
27/11/2018,3.8919
28/11/2018,3.8625
29/11/2018,3.8562
30/11/2018,3.8627
03/12/2018,3.8279
04/12/2018,3.8307
05/12/2018,3.8555
06/12/2018,3.9172
07/12/2018,3.8958
10/12/2018,3.9104
11/12/2018,3.9007
12/12/2018,3.8623
13/12/2018,3.8784
14/12/2018,3.9084
17/12/2018,3.9115
18/12/2018,3.8991
19/12/2018,3.8901
20/12/2018,3.8437
21/12/2018,3.8665
24/12/2018,3.8839
26/12/2018,3.9252
27/12/2018,3.9324
28/12/2018,3.8742
31/12/2018,3.8742
02/01/2019,3.8589
03/01/2019,3.7677
04/01/2019,3.7621
07/01/2019,3.7056
08/01/2019,3.7202
09/01/2019,3.6925
10/01/2019,3.6863
11/01/2019,3.7135
14/01/2019,3.7255
15/01/2019,3.7043
16/01/2019,3.7191
17/01/2019,3.7585
18/01/2019,3.748
21/01/2019,3.7699
22/01/2019,3.7609
23/01/2019,3.7988
24/01/2019,3.7809
25/01/2019,3.7613
28/01/2019,3.767
29/01/2019,3.7364
30/01/2019,3.7145
31/01/2019,3.6513
01/02/2019,3.6688
04/02/2019,3.675
05/02/2019,3.6735
06/02/2019,3.7013
07/02/2019,3.7187
08/02/2019,3.7178
11/02/2019,3.7385
12/02/2019,3.729
13/02/2019,3.7271
14/02/2019,3.775
15/02/2019,3.7149
18/02/2019,3.731
19/02/2019,3.72
20/02/2019,3.7094
21/02/2019,3.7589
22/02/2019,3.7424
25/02/2019,3.7279
26/02/2019,3.7589
27/02/2019,3.7345
28/02/2019,3.7379
01/03/2019,3.7826
06/03/2019,3.8297
07/03/2019,3.8481
08/03/2019,3.8672
11/03/2019,3.8455
12/03/2019,3.8123
13/03/2019,3.8259
14/03/2019,3.8321
15/03/2019,3.8338
18/03/2019,3.8105
19/03/2019,3.7756
20/03/2019,3.7891
21/03/2019,3.7961
22/03/2019,3.8809
25/03/2019,3.8764
26/03/2019,3.864
27/03/2019,3.9383
28/03/2019,3.9676
29/03/2019,3.8961
01/04/2019,3.8676
02/04/2019,3.8655
03/04/2019,3.843
04/04/2019,3.8707
05/04/2019,3.8616
08/04/2019,3.8652
09/04/2019,3.8557
10/04/2019,3.8339
11/04/2019,3.8393
12/04/2019,3.8679
15/04/2019,3.8724
16/04/2019,3.8907
17/04/2019,3.9219
18/04/2019,3.9364
22/04/2019,3.9224
23/04/2019,3.943
24/04/2019,3.9624
25/04/2019,3.9719
26/04/2019,3.9347
29/04/2019,3.9358
30/04/2019,3.9447
02/05/2019,3.9644
03/05/2019,3.9382
06/05/2019,3.9618
07/05/2019,3.9874
08/05/2019,3.9338
09/05/2019,3.9667
10/05/2019,3.9572
13/05/2019,3.9884
14/05/2019,3.9782
15/05/2019,4.0025
16/05/2019,4.0132
17/05/2019,4.0838
20/05/2019,4.105
21/05/2019,4.0804
22/05/2019,4.0222
23/05/2019,4.0507
24/05/2019,4.0316
27/05/2019,4.0204
28/05/2019,4.0269
29/05/2019,3.9959
30/05/2019,3.9714
31/05/2019,3.9401
03/06/2019,3.8997
04/06/2019,3.8704
05/06/2019,3.8605
06/06/2019,3.872
07/06/2019,3.8565
10/06/2019,3.8784
11/06/2019,3.8658
12/06/2019,3.8431
13/06/2019,3.8423
14/06/2019,3.8807
17/06/2019,3.8889
18/06/2019,3.8602
19/06/2019,3.8717
21/06/2019,3.8249
24/06/2019,3.8228
25/06/2019,3.8297
26/06/2019,3.8435
27/06/2019,3.8636
28/06/2019,3.8316
01/07/2019,3.8187
02/07/2019,3.8558
03/07/2019,3.8469
04/07/2019,3.7934
05/07/2019,3.8198
08/07/2019,3.8059
09/07/2019,3.7846
10/07/2019,3.7691
11/07/2019,3.7527
12/07/2019,3.7446
15/07/2019,3.7457
16/07/2019,3.7618
17/07/2019,3.7612
18/07/2019,3.7483
19/07/2019,3.7402
22/07/2019,3.7394
23/07/2019,3.7615
24/07/2019,3.759
25/07/2019,3.7843
26/07/2019,3.7735
29/07/2019,3.7903
30/07/2019,3.7894
31/07/2019,3.7643
01/08/2019,3.829
02/08/2019,3.8733
05/08/2019,3.9398
06/08/2019,3.9637
07/08/2019,3.9844
08/08/2019,3.9403
09/08/2019,3.9356
12/08/2019,3.996
13/08/2019,3.973
14/08/2019,4.0068
15/08/2019,4.0182
16/08/2019,3.9927
19/08/2019,4.0268
20/08/2019,4.0419
21/08/2019,4.0248
22/08/2019,4.0438
23/08/2019,4.0845
26/08/2019,4.1361
27/08/2019,4.1551
28/08/2019,4.1553
29/08/2019,4.1674
30/08/2019,4.1379
02/09/2019,4.1575
03/09/2019,4.1651
04/09/2019,4.1243
05/09/2019,4.0853
06/09/2019,4.0644
09/09/2019,4.076
10/09/2019,4.1102
11/09/2019,4.0625
12/09/2019,4.0488
13/09/2019,4.061
16/09/2019,4.0866
17/09/2019,4.0992
18/09/2019,4.0966
19/09/2019,4.1387
20/09/2019,4.1681
23/09/2019,4.1728
24/09/2019,4.1715
25/09/2019,4.1821
26/09/2019,4.1463
27/09/2019,4.1581
30/09/2019,4.1638
01/10/2019,4.1734
02/10/2019,4.154
03/10/2019,4.1006
04/10/2019,4.0604
07/10/2019,4.0682
08/10/2019,4.0862
09/10/2019,4.0948
10/10/2019,4.1139
11/10/2019,4.1054
14/10/2019,4.1257
15/10/2019,4.1482
16/10/2019,4.1708
17/10/2019,4.1452
18/10/2019,4.137
21/10/2019,4.1313
22/10/2019,4.0852
23/10/2019,4.0715
24/10/2019,4.0083
25/10/2019,4.0127
28/10/2019,3.9786
29/10/2019,3.994
30/10/2019,4.018
31/10/2019,4.0035
01/11/2019,3.978
04/11/2019,3.9916
05/11/2019,4.0037
06/11/2019,4.0345
07/11/2019,4.0921
08/11/2019,4.1359
11/11/2019,4.1553
12/11/2019,4.175
13/11/2019,4.1761
14/11/2019,4.1825
18/11/2019,4.1821
19/11/2019,4.2078
20/11/2019,4.2027
21/11/2019,4.2006
22/11/2019,4.1826
25/11/2019,4.2083
26/11/2019,4.2553
27/11/2019,4.2596
28/11/2019,4.2474
29/11/2019,4.2234
02/12/2019,4.2255
03/12/2019,4.2002
04/12/2019,4.192
05/12/2019,4.213
06/12/2019,4.1777
09/12/2019,4.1497
10/12/2019,4.1421
11/12/2019,4.1147
12/12/2019,4.1086
13/12/2019,4.0943
16/12/2019,4.0795
17/12/2019,4.0681
18/12/2019,4.0542
19/12/2019,4.0627
20/12/2019,4.0771
23/12/2019,4.0751
24/12/2019,4.0793
26/12/2019,4.0595
27/12/2019,4.0539
30/12/2019,4.0301
31/12/2019,4.0301
02/01/2020,4.0207
03/01/2020,4.0516
06/01/2020,4.0548
07/01/2020,4.0835
08/01/2020,4.0666
09/01/2020,4.0738
10/01/2020,4.0739
13/01/2020,4.1303
14/01/2020,4.1437
15/01/2020,4.1616
16/01/2020,4.172
17/01/2020,4.1831
20/01/2020,4.1823
21/01/2020,4.2008
22/01/2020,4.1883
23/01/2020,4.1656
24/01/2020,4.1763
27/01/2020,4.219
28/01/2020,4.2058
29/01/2020,4.2007
30/01/2020,4.2517
31/01/2020,4.2689
03/02/2020,4.2469
04/02/2020,4.2375
05/02/2020,4.2443
06/02/2020,4.2471
07/02/2020,4.307
10/02/2020,4.3189
11/02/2020,4.3142
12/02/2020,4.336
13/02/2020,4.3383
14/02/2020,4.3157
17/02/2020,4.3151
18/02/2020,4.3465
19/02/2020,4.3722
20/02/2020,4.3867
21/02/2020,4.3918
26/02/2020,4.4353
27/02/2020,4.4758
28/02/2020,4.4981
02/03/2020,4.494
03/03/2020,4.4877
04/03/2020,4.5252
05/03/2020,4.6201
06/03/2020,4.6453
09/03/2020,4.7373
10/03/2020,4.6687
11/03/2020,4.6732
12/03/2020,4.8825
13/03/2020,4.7355
16/03/2020,4.9464
17/03/2020,5.0489
18/03/2020,5.1101
19/03/2020,5.1437
20/03/2020,5.0241
23/03/2020,5.0798
24/03/2020,5.0707
25/03/2020,5.07
26/03/2020,5.0004
27/03/2020,5.1103
30/03/2020,5.1588
31/03/2020,5.1981
01/04/2020,5.2399
02/04/2020,5.2645
03/04/2020,5.2991
06/04/2020,5.2465
07/04/2020,5.2211
08/04/2020,5.2117
09/04/2020,5.0773
13/04/2020,5.1818
14/04/2020,5.1852
15/04/2020,5.2573
16/04/2020,5.2371
17/04/2020,5.2567
20/04/2020,5.2831
22/04/2020,5.3841
23/04/2020,5.4461
24/04/2020,5.6504
27/04/2020,5.6352
28/04/2020,5.5677
29/04/2020,5.4285
30/04/2020,5.4264
04/05/2020,5.5811
05/05/2020,5.5348
06/05/2020,5.667
07/05/2020,5.8359
08/05/2020,5.7647
11/05/2020,5.7948
12/05/2020,5.7717
13/05/2020,5.9016
14/05/2020,5.9366
15/05/2020,5.8223
18/05/2020,5.7369
19/05/2020,5.721
20/05/2020,5.6962
21/05/2020,5.6013
22/05/2020,5.5802
25/05/2020,5.4766
26/05/2020,5.3701
27/05/2020,5.2986
28/05/2020,5.3399
29/05/2020,5.4257
01/06/2020,5.3633
02/06/2020,5.2595
03/06/2020,5.051
04/06/2020,5.1035
05/06/2020,4.9769
08/06/2020,4.9325
09/06/2020,4.9051
10/06/2020,4.8888
12/06/2020,5.0367
15/06/2020,5.1877
16/06/2020,5.1279
17/06/2020,5.2492
18/06/2020,5.3462
19/06/2020,5.346
22/06/2020,5.222
23/06/2020,5.1699
24/06/2020,5.2429
25/06/2020,5.3281
26/06/2020,5.4623
29/06/2020,5.441
30/06/2020,5.4754
01/07/2020,5.3646
02/07/2020,5.3022
03/07/2020,5.3368
06/07/2020,5.3079
07/07/2020,5.3312
08/07/2020,5.3476
09/07/2020,5.2972
10/07/2020,5.3434
13/07/2020,5.348
14/07/2020,5.4282
15/07/2020,5.3485
16/07/2020,5.3554
17/07/2020,5.3504
20/07/2020,5.3629
21/07/2020,5.2277
22/07/2020,5.1105
23/07/2020,5.1641
24/07/2020,5.214
27/07/2020,5.1883
28/07/2020,5.1771
29/07/2020,5.1389
30/07/2020,5.1831
31/07/2020,5.2027
03/08/2020,5.3069
04/08/2020,5.3323
05/08/2020,5.2754
06/08/2020,5.3425
07/08/2020,5.4221
10/08/2020,5.3927
11/08/2020,5.4279
12/08/2020,5.4545
13/08/2020,5.3795
14/08/2020,5.3846
17/08/2020,5.4491
18/08/2020,5.4653
19/08/2020,5.49
20/08/2020,5.6504
21/08/2020,5.6058
24/08/2020,5.5948
25/08/2020,5.5991
26/08/2020,5.5674
27/08/2020,5.595
28/08/2020,5.4673
31/08/2020,5.4707
01/09/2020,5.3726
02/09/2020,5.3735
03/09/2020,5.3073
04/09/2020,5.2842
08/09/2020,5.3692
09/09/2020,5.3018
10/09/2020,5.293
11/09/2020,5.2848
14/09/2020,5.2978
15/09/2020,5.2722
16/09/2020,5.2526
17/09/2020,5.2587
18/09/2020,5.2883
21/09/2020,5.4434
22/09/2020,5.4323
23/09/2020,5.5305
24/09/2020,5.5708
25/09/2020,5.5661
28/09/2020,5.5852
29/09/2020,5.6521
30/09/2020,5.6401
01/10/2020,5.6435
02/10/2020,5.6458
05/10/2020,5.6293
06/10/2020,5.5199
07/10/2020,5.6012
08/10/2020,5.6194
09/10/2020,5.5387
13/10/2020,5.5854
14/10/2020,5.5669
15/10/2020,5.6166
16/10/2020,5.622
19/10/2020,5.6017
20/10/2020,5.5824
21/10/2020,5.6
22/10/2020,5.5814
23/10/2020,5.6114
26/10/2020,5.6322
27/10/2020,5.6484
28/10/2020,5.7319
29/10/2020,5.7797
30/10/2020,5.7712
03/11/2020,5.6889
04/11/2020,5.6926
05/11/2020,5.5618
06/11/2020,5.5307
09/11/2020,5.2815
10/11/2020,5.369
11/11/2020,5.4014
12/11/2020,5.4088
13/11/2020,5.4848
16/11/2020,5.4192
17/11/2020,5.3962
18/11/2020,5.2926
19/11/2020,5.3324
20/11/2020,5.3499
23/11/2020,5.3822
24/11/2020,5.4031
25/11/2020,5.3502
26/11/2020,5.3195
27/11/2020,5.3488
30/11/2020,5.3311
01/12/2020,5.2783
02/12/2020,5.2261
03/12/2020,5.1619
04/12/2020,5.17
07/12/2020,5.1012
08/12/2020,5.0914
09/12/2020,5.1103
10/12/2020,5.0846
11/12/2020,5.0685
14/12/2020,5.0572
15/12/2020,5.0962
16/12/2020,5.1051
17/12/2020,5.0606
18/12/2020,5.098
21/12/2020,5.1566
22/12/2020,5.1467
23/12/2020,5.1734
24/12/2020,5.1785
28/12/2020,5.2384
29/12/2020,5.1936
30/12/2020,5.1961
31/12/2020,5.1961
04/01/2021,5.162
05/01/2021,5.3263
06/01/2021,5.3176
07/01/2021,5.3427
08/01/2021,5.3677
11/01/2021,5.496
12/01/2021,5.4631
13/01/2021,5.3064
14/01/2021,5.2611
15/01/2021,5.2708
18/01/2021,5.2782
19/01/2021,5.2939
20/01/2021,5.3027
21/01/2021,5.316
22/01/2021,5.4295
25/01/2021,5.5074
26/01/2021,5.3859
27/01/2021,5.3818
28/01/2021,5.4276
29/01/2021,5.4753
01/02/2021,5.4602
02/02/2021,5.3869
03/02/2021,5.3417
04/02/2021,5.3904
05/02/2021,5.3878
08/02/2021,5.3664
09/02/2021,5.421
10/02/2021,5.4018
11/02/2021,5.362
12/02/2021,5.3809
17/02/2021,5.4132
18/02/2021,5.4232
19/02/2021,5.3918
22/02/2021,5.5038
23/02/2021,5.4484
24/02/2021,5.4176
25/02/2021,5.4594
26/02/2021,5.5296
01/03/2021,5.5826
02/03/2021,5.6838
03/03/2021,5.7336
04/03/2021,5.6002
05/03/2021,5.6864
08/03/2021,5.7337
09/03/2021,5.8391
10/03/2021,5.7443
11/03/2021,5.5884
12/03/2021,5.5634
15/03/2021,5.629
16/03/2021,5.5845
17/03/2021,5.6573
18/03/2021,5.5468
19/03/2021,5.5076
22/03/2021,5.5263
23/03/2021,5.4945
24/03/2021,5.5324
25/03/2021,5.6579
26/03/2021,5.7036
29/03/2021,5.7919
30/03/2021,5.7636
31/03/2021,5.6967
01/04/2021,5.6843
05/04/2021,5.6573
06/04/2021,5.6257
07/04/2021,5.5858
08/04/2021,5.5811
09/04/2021,5.6439
12/04/2021,5.6576
13/04/2021,5.7058
14/04/2021,5.693
15/04/2021,5.6228
16/04/2021,5.6322
19/04/2021,5.5744
20/04/2021,5.526
22/04/2021,5.4964
23/04/2021,5.4781
26/04/2021,5.456
27/04/2021,5.4418
28/04/2021,5.3999
29/04/2021,5.3656
30/04/2021,5.403
03/05/2021,5.4081
04/05/2021,5.4499
05/05/2021,5.3866
06/05/2021,5.2891
07/05/2021,5.2211
10/05/2021,5.2221
11/05/2021,5.2397
12/05/2021,5.2347
13/05/2021,5.2809
14/05/2021,5.2695
17/05/2021,5.2749
18/05/2021,5.2582
19/05/2021,5.2816
20/05/2021,5.2899
21/05/2021,5.3021
24/05/2021,5.3192
25/05/2021,5.3137
26/05/2021,5.3158
27/05/2021,5.2833
28/05/2021,5.2274
31/05/2021,5.2316
01/06/2021,5.163
02/06/2021,5.114
04/06/2021,5.0661
07/06/2021,5.0492
08/06/2021,5.0483
09/06/2021,5.0527
10/06/2021,5.0629
11/06/2021,5.1184
14/06/2021,5.0701
15/06/2021,5.0868
16/06/2021,5.0201
17/06/2021,5.0353
18/06/2021,5.0308
21/06/2021,5.0367
22/06/2021,5.0172
23/06/2021,4.9513
24/06/2021,4.9271
25/06/2021,4.92
28/06/2021,4.9414
29/06/2021,4.9444
30/06/2021,5.0016
01/07/2021,5.0049
02/07/2021,5.0287
05/07/2021,5.0743
06/07/2021,5.1639
07/07/2021,5.2322
08/07/2021,5.2581
09/07/2021,5.237
12/07/2021,5.2233
13/07/2021,5.1764
14/07/2021,5.0874
15/07/2021,5.0994
16/07/2021,5.0935
19/07/2021,5.1972
20/07/2021,5.2459
21/07/2021,5.251
22/07/2021,5.1972
23/07/2021,5.1695
26/07/2021,5.1857
27/07/2021,5.1663
28/07/2021,5.1521
29/07/2021,5.0676
30/07/2021,5.121
02/08/2021,5.1373
03/08/2021,5.2458
04/08/2021,5.2085
05/08/2021,5.1459
06/08/2021,5.2404
09/08/2021,5.2768
10/08/2021,5.2211
11/08/2021,5.2007
12/08/2021,5.2345
13/08/2021,5.2468
16/08/2021,5.2489
17/08/2021,5.2579
18/08/2021,5.3019
19/08/2021,5.4174
20/08/2021,5.4268
23/08/2021,5.368
24/08/2021,5.3011
25/08/2021,5.2459
26/08/2021,5.2423
27/08/2021,5.2194
30/08/2021,5.1946
31/08/2021,5.1427
01/09/2021,5.157
02/09/2021,5.1729
03/09/2021,5.1679
06/09/2021,5.1767
08/09/2021,5.2518
09/09/2021,5.2819
10/09/2021,5.2152
13/09/2021,5.2184
14/09/2021,5.2254
15/09/2021,5.257
16/09/2021,5.2588
17/09/2021,5.3097
20/09/2021,5.3326
21/09/2021,5.3038
22/09/2021,5.2777
23/09/2021,5.2885
24/09/2021,5.3429
27/09/2021,5.3472
28/09/2021,5.42
29/09/2021,5.4167
30/09/2021,5.4388
01/10/2021,5.3905
04/10/2021,5.4198
05/10/2021,5.4605
06/10/2021,5.5091
07/10/2021,5.5134
08/10/2021,5.5078
11/10/2021,5.5155
13/10/2021,5.5464
14/10/2021,5.4982
15/10/2021,5.4504
18/10/2021,5.5187
19/10/2021,5.5515
20/10/2021,5.5565
21/10/2021,5.6417
22/10/2021,5.7111
25/10/2021,5.5967
26/10/2021,5.5794
27/10/2021,5.5661
28/10/2021,5.6118
29/10/2021,5.6424
01/11/2021,5.6688
03/11/2021,5.6666
04/11/2021,5.5936
05/11/2021,5.5449
08/11/2021,5.5621
09/11/2021,5.4951
10/11/2021,5.4584
11/11/2021,5.4165
12/11/2021,5.4193
16/11/2021,5.4766
17/11/2021,5.4987
18/11/2021,5.5464
19/11/2021,5.5578
22/11/2021,5.5835
23/11/2021,5.645
24/11/2021,5.6021
25/11/2021,5.5734
26/11/2021,5.5859
29/11/2021,5.6112
30/11/2021,5.6193
01/12/2021,5.6162
02/12/2021,5.6339
03/12/2021,5.6426
06/12/2021,5.6871
07/12/2021,5.6405
08/12/2021,5.5773
09/12/2021,5.5558
10/12/2021,5.5925
13/12/2021,5.6351
14/12/2021,5.6455
15/12/2021,5.7121
16/12/2021,5.6957
17/12/2021,5.6953
20/12/2021,5.7049
21/12/2021,5.7367
22/12/2021,5.7195
23/12/2021,5.6904
24/12/2021,5.6541
27/12/2021,5.6644
28/12/2021,5.6432
29/12/2021,5.6613
30/12/2021,5.5799
31/12/2021,5.5799
03/01/2022,5.6303
04/01/2022,5.677
05/01/2022,5.6622
06/01/2022,5.7036
07/01/2022,5.6747
10/01/2022,5.673
11/01/2022,5.6345
12/01/2022,5.5605
13/01/2022,5.524
14/01/2022,5.5343
17/01/2022,5.5052
18/01/2022,5.5207
19/01/2022,5.4972
20/01/2022,5.416
21/01/2022,5.4395
24/01/2022,5.4904
25/01/2022,5.4965
26/01/2022,5.4318
27/01/2022,5.3806
28/01/2022,5.3948
31/01/2022,5.3568
01/02/2022,5.2804
02/02/2022,5.295
03/02/2022,5.3019
04/02/2022,5.3278
07/02/2022,5.2907
08/02/2022,5.2693
09/02/2022,5.2729
10/02/2022,5.2095
11/02/2022,5.1981
14/02/2022,5.21
15/02/2022,5.1875
16/02/2022,5.1624
17/02/2022,5.1559
18/02/2022,5.1333
21/02/2022,5.0991
22/02/2022,5.0605
23/02/2022,5.0137
24/02/2022,5.1168
25/02/2022,5.1388
02/03/2022,5.1341
03/03/2022,5.0473
04/03/2022,5.0752
07/03/2022,5.0573
08/03/2022,5.0897
09/03/2022,5.0088
10/03/2022,5.0507
11/03/2022,5.0249
14/03/2022,5.0641
15/03/2022,5.1308
16/03/2022,5.1281
17/03/2022,5.0758
18/03/2022,5.0405
21/03/2022,4.966
22/03/2022,4.9202
23/03/2022,4.8698
24/03/2022,4.8061
25/03/2022,4.7776
28/03/2022,4.7899
29/03/2022,4.748
30/03/2022,4.7491
31/03/2022,4.7372
01/04/2022,4.6978
04/04/2022,4.6169
05/04/2022,4.6394
06/04/2022,4.6961
07/04/2022,4.7416
08/04/2022,4.7507
11/04/2022,4.7019
12/04/2022,4.6477
13/04/2022,4.6805
14/04/2022,4.7152
18/04/2022,4.674
19/04/2022,4.6658
20/04/2022,4.6391
22/04/2022,4.732
25/04/2022,4.8812
26/04/2022,4.966
27/04/2022,5.0161
28/04/2022,5.0104
29/04/2022,4.9185
02/05/2022,5.026
03/05/2022,5.0161
04/05/2022,5.0087
05/05/2022,5.0045
06/05/2022,5.0744
09/05/2022,5.1334
10/05/2022,5.1384
11/05/2022,5.1238
12/05/2022,5.1476
13/05/2022,5.1069
16/05/2022,5.066
17/05/2022,4.967
18/05/2022,4.9586
19/05/2022,4.9192
20/05/2022,4.8771
23/05/2022,4.7967
24/05/2022,4.81
25/05/2022,4.8353
26/05/2022,4.7961
27/05/2022,4.7428
30/05/2022,4.721
31/05/2022,4.7283
01/06/2022,4.7759
02/06/2022,4.7873
03/06/2022,4.795
06/06/2022,4.7833
07/06/2022,4.8903
08/06/2022,4.8705
09/06/2022,4.8945
10/06/2022,4.983
13/06/2022,5.1027
14/06/2022,5.1197
15/06/2022,5.1113
17/06/2022,5.1307
20/06/2022,5.1635
21/06/2022,5.1456
22/06/2022,5.1503
23/06/2022,5.1827
24/06/2022,5.2328
27/06/2022,5.2208
28/06/2022,5.2173
29/06/2022,5.2262
30/06/2022,5.2374
01/07/2022,5.3136
04/07/2022,5.3032
05/07/2022,5.3893
06/07/2022,5.4315
07/07/2022,5.3634
08/07/2022,5.308
11/07/2022,5.3471
12/07/2022,5.4114
13/07/2022,5.3987
14/07/2022,5.4562
15/07/2022,5.4008
18/07/2022,5.3669
19/07/2022,5.3898
20/07/2022,5.4282
21/07/2022,5.4744
22/07/2022,5.4516
25/07/2022,5.4138
26/07/2022,5.3602
27/07/2022,5.3068
28/07/2022,5.2143
29/07/2022,5.1878
01/08/2022,5.16
02/08/2022,5.2323
03/08/2022,5.284
04/08/2022,5.2403
05/08/2022,5.2159
08/08/2022,5.1241
09/08/2022,5.1218
10/08/2022,5.0491
11/08/2022,5.1121
12/08/2022,5.1017
15/08/2022,5.0919
16/08/2022,5.1334
17/08/2022,5.1779
18/08/2022,5.1767
19/08/2022,5.1955
22/08/2022,5.1703
23/08/2022,5.1024
24/08/2022,5.1044
25/08/2022,5.1167
26/08/2022,5.0897
29/08/2022,5.0423
30/08/2022,5.0611
31/08/2022,5.1784
01/09/2022,5.2001
02/09/2022,5.1872
05/09/2022,5.168
06/09/2022,5.2222
08/09/2022,5.2149
09/09/2022,5.1627
12/09/2022,5.1177
13/09/2022,5.1788
14/09/2022,5.1768
15/09/2022,5.2205
16/09/2022,5.2876
19/09/2022,5.2361
20/09/2022,5.1699
21/09/2022,5.1686
22/09/2022,5.1671
23/09/2022,5.2251
26/09/2022,5.3542
27/09/2022,5.3502
28/09/2022,5.3588
29/09/2022,5.391
30/09/2022,5.406
03/10/2022,5.1996
04/10/2022,5.1405
05/10/2022,5.2138
06/10/2022,5.2002
07/10/2022,5.2215
10/10/2022,5.1935
11/10/2022,5.2061
13/10/2022,5.3011
14/10/2022,5.2818
17/10/2022,5.2707
18/10/2022,5.2691
19/10/2022,5.2802
20/10/2022,5.217
21/10/2022,5.1913
24/10/2022,5.2738
25/10/2022,5.3085
26/10/2022,5.3242
27/10/2022,5.2997
28/10/2022,5.3449
31/10/2022,5.2564
01/11/2022,5.1494
03/11/2022,5.1343
04/11/2022,5.0354
07/11/2022,5.088
08/11/2022,5.1738
09/11/2022,5.1623
10/11/2022,5.3058
11/11/2022,5.3045
14/11/2022,5.3007
16/11/2022,5.3198
17/11/2022,5.4649
18/11/2022,5.3471
21/11/2022,5.3253
22/11/2022,5.3333
23/11/2022,5.3924
24/11/2022,5.3143
25/11/2022,5.3502
28/11/2022,5.3791
29/11/2022,5.307
30/11/2022,5.2935
01/12/2022,5.1942
02/12/2022,5.1968
05/12/2022,5.2457
06/12/2022,5.239
07/12/2022,5.2202
08/12/2022,5.2085
09/12/2022,5.239
12/12/2022,5.306
13/12/2022,5.2663
14/12/2022,5.34
15/12/2022,5.3177
16/12/2022,5.2801
19/12/2022,5.3154
20/12/2022,5.2421
21/12/2022,5.2025
22/12/2022,5.1865
23/12/2022,5.1439
26/12/2022,5.1866
27/12/2022,5.2826
28/12/2022,5.273
29/12/2022,5.2171
30/12/2022,5.2171
02/01/2023,5.343
03/01/2023,5.3753
04/01/2023,5.4453
05/01/2023,5.402
06/01/2023,5.2849
09/01/2023,5.2961
10/01/2023,5.2389
11/01/2023,5.2014
12/01/2023,5.1394
13/01/2023,5.114
16/01/2023,5.1109
17/01/2023,5.1197
18/01/2023,5.0903
19/01/2023,5.2138
20/01/2023,5.198
23/01/2023,5.1916
24/01/2023,5.169
25/01/2023,5.1036
26/01/2023,5.0945
27/01/2023,5.0761
30/01/2023,5.0953
31/01/2023,5.0987
01/02/2023,5.0715
02/02/2023,4.9895
03/02/2023,5.1024
06/02/2023,5.1757
07/02/2023,5.1689
08/02/2023,5.203
09/02/2023,5.2309
10/02/2023,5.252
13/02/2023,5.1828
14/02/2023,5.1501
15/02/2023,5.2237
16/02/2023,5.2426
17/02/2023,5.2006
22/02/2023,5.1724
23/02/2023,5.1324
24/02/2023,5.1785
27/02/2023,5.1954
28/02/2023,5.2072
01/03/2023,5.2064
02/03/2023,5.2074
03/03/2023,5.2031
06/03/2023,5.1964
07/03/2023,5.1895
08/03/2023,5.1381
09/03/2023,5.1347
10/03/2023,5.1816
13/03/2023,5.2394
14/03/2023,5.2356
15/03/2023,5.2975
16/03/2023,5.2886
17/03/2023,5.2673
20/03/2023,5.2461
21/03/2023,5.2438
22/03/2023,5.2642
23/03/2023,5.2626
24/03/2023,5.2915
27/03/2023,5.23
28/03/2023,5.1727
29/03/2023,5.1487
30/03/2023,5.1248
31/03/2023,5.0798
03/04/2023,5.0631
04/04/2023,5.0756
05/04/2023,5.0441
06/04/2023,5.0677
10/04/2023,5.0828
11/04/2023,5.0122
12/04/2023,4.949
13/04/2023,4.9091
14/04/2023,4.9449
17/04/2023,4.9415
18/04/2023,4.9672
19/04/2023,5.0461
20/04/2023,5.0491
24/04/2023,5.0589
25/04/2023,5.0607
26/04/2023,5.0579
27/04/2023,5.0144
28/04/2023,5.0001
02/05/2023,5.0329
03/05/2023,5.0221
04/05/2023,5.01
05/05/2023,4.969
08/05/2023,4.969
09/05/2023,5.0001
10/05/2023,4.9541
11/05/2023,4.969
12/05/2023,4.9228
15/05/2023,4.9097
16/05/2023,4.9116
17/05/2023,4.9507
18/05/2023,4.9641
19/05/2023,4.9852
22/05/2023,4.9674
23/05/2023,4.9668
24/05/2023,4.9468
25/05/2023,4.9984
26/05/2023,5.0108
29/05/2023,4.9948
30/05/2023,5.0587
31/05/2023,5.0953
01/06/2023,5.0344
02/06/2023,4.9552
05/06/2023,4.923
06/06/2023,4.9286
07/06/2023,4.9113
09/06/2023,4.8916
12/06/2023,4.8826
13/06/2023,4.8527
14/06/2023,4.8456
15/06/2023,4.8216
16/06/2023,4.828
19/06/2023,4.7797
20/06/2023,4.7924
21/06/2023,4.7789
22/06/2023,4.7744
23/06/2023,4.7793
26/06/2023,4.7692
27/06/2023,4.7897
28/06/2023,4.8557
29/06/2023,4.8578
30/06/2023,4.8186
03/07/2023,4.787
04/07/2023,4.805
05/07/2023,4.8571
06/07/2023,4.8971
07/07/2023,4.8793
10/07/2023,4.8729
11/07/2023,4.8943
12/07/2023,4.8052
13/07/2023,4.8032
14/07/2023,4.7951
17/07/2023,4.8296
18/07/2023,4.8034
19/07/2023,4.7994
20/07/2023,4.7882
21/07/2023,4.7726
24/07/2023,4.7451
25/07/2023,4.749
26/07/2023,4.7362
27/07/2023,4.7196
28/07/2023,4.7247
31/07/2023,4.7409
01/08/2023,4.7746
02/08/2023,4.8077
03/08/2023,4.8791
04/08/2023,4.8603
07/08/2023,4.9004
08/08/2023,4.9211
09/08/2023,4.9009
10/08/2023,4.8512
11/08/2023,4.8912
14/08/2023,4.9475
15/08/2023,4.9806
16/08/2023,4.9765
17/08/2023,4.981
18/08/2023,4.9718
21/08/2023,4.9841
22/08/2023,4.9425
23/08/2023,4.8971
24/08/2023,4.8742
25/08/2023,4.8766
28/08/2023,4.8933
29/08/2023,4.87
30/08/2023,4.8647
31/08/2023,4.9213
01/09/2023,4.9312
04/09/2023,4.917
05/09/2023,4.9699
06/09/2023,4.9756
08/09/2023,4.9829
11/09/2023,4.936
12/09/2023,4.9499
13/09/2023,4.9165
14/09/2023,4.8745
15/09/2023,4.8683
18/09/2023,4.8529
19/09/2023,4.8569
20/09/2023,4.8481
21/09/2023,4.9223
22/09/2023,4.9125
25/09/2023,4.96
26/09/2023,4.9711
27/09/2023,5.0283
28/09/2023,5.0469
29/09/2023,5.007
02/10/2023,5.0673
03/10/2023,5.1094
04/10/2023,5.152
05/10/2023,5.1707
06/10/2023,5.1912
09/10/2023,5.166
10/10/2023,5.0856
11/10/2023,5.049
13/10/2023,5.0619
16/10/2023,5.0612
17/10/2023,5.0378
18/10/2023,5.0562
19/10/2023,5.0534
20/10/2023,5.0522
23/10/2023,5.0158
24/10/2023,5.0059
25/10/2023,4.9975
26/10/2023,5.0049
27/10/2023,4.9474
30/10/2023,5.0068
31/10/2023,5.0569
01/11/2023,5.0188
03/11/2023,4.8904
06/11/2023,4.8993
07/11/2023,4.8664
08/11/2023,4.8849
09/11/2023,4.9001
10/11/2023,4.9213
13/11/2023,4.924
14/11/2023,4.8676
16/11/2023,4.8569
17/11/2023,4.8843
20/11/2023,4.8717
21/11/2023,4.88
22/11/2023,4.8962
23/11/2023,4.8925
24/11/2023,4.8921
27/11/2023,4.8945
28/11/2023,4.8861
29/11/2023,4.8927
30/11/2023,4.9349
01/12/2023,4.9185
04/12/2023,4.9085
05/12/2023,4.9516
06/12/2023,4.9025
07/12/2023,4.8943
08/12/2023,4.9152
11/12/2023,4.9434
12/12/2023,4.947
13/12/2023,4.9573
14/12/2023,4.8906
15/12/2023,4.9391
18/12/2023,4.9393
19/12/2023,4.8657
20/12/2023,4.876
21/12/2023,4.8749
22/12/2023,4.8613
26/12/2023,4.8362
27/12/2023,4.83
28/12/2023,4.8407
29/12/2023,4.8407
02/01/2024,4.891
03/01/2024,4.9206
04/01/2024,4.9182
05/01/2024,4.8893
08/01/2024,4.8844
09/01/2024,4.8931
10/01/2024,4.8895
11/01/2024,4.8788
12/01/2024,4.8537
15/01/2024,4.8759
16/01/2024,4.9032
17/01/2024,4.934
18/01/2024,4.9397
19/01/2024,4.9217
22/01/2024,4.9484
23/01/2024,4.9709
24/01/2024,4.9186
25/01/2024,4.9226
26/01/2024,4.9119
29/01/2024,4.9219
30/01/2024,4.9632
31/01/2024,4.9529
01/02/2024,4.9344
02/02/2024,4.9465
05/02/2024,5.0047
06/02/2024,4.9681
07/02/2024,4.9602
08/02/2024,4.9798
09/02/2024,4.9711
14/02/2024,4.9717
15/02/2024,4.9704
16/02/2024,4.9755
19/02/2024,4.9579
20/02/2024,4.9402
21/02/2024,4.9297
22/02/2024,4.9413
23/02/2024,4.9845
26/02/2024,4.9813
27/02/2024,4.9569
28/02/2024,4.9551
29/02/2024,4.9827
01/03/2024,4.959
04/03/2024,4.9469
05/03/2024,4.9482
06/03/2024,4.9392
07/03/2024,4.9358
08/03/2024,4.9745
11/03/2024,4.9771
12/03/2024,4.9807
13/03/2024,4.9797
14/03/2024,4.9762
15/03/2024,4.9931
18/03/2024,5.0118
19/03/2024,5.0346
20/03/2024,5.0114
21/03/2024,4.9801
22/03/2024,4.9891
25/03/2024,4.9863
26/03/2024,4.9864
27/03/2024,4.985
28/03/2024,4.9956
01/04/2024,5.0526
02/04/2024,5.0469
03/04/2024,5.0718
04/04/2024,5.0231
05/04/2024,5.0514
08/04/2024,5.0415
09/04/2024,5.0074
10/04/2024,5.0648
11/04/2024,5.0759
12/04/2024,5.1358
15/04/2024,5.174
16/04/2024,5.2628
17/04/2024,5.2463
18/04/2024,5.2506
19/04/2024,5.2263
22/04/2024,5.2037
23/04/2024,5.162
24/04/2024,5.1586
25/04/2024,5.1673
26/04/2024,5.1178
29/04/2024,5.1149
30/04/2024,5.1712
02/05/2024,5.1178
03/05/2024,5.0662
06/05/2024,5.0721
07/05/2024,5.0604
08/05/2024,5.0881
09/05/2024,5.1571
10/05/2024,5.1458
13/05/2024,5.1406
14/05/2024,5.135
15/05/2024,5.1417
16/05/2024,5.1264
17/05/2024,5.1151
20/05/2024,5.1079
21/05/2024,5.1031
22/05/2024,5.1496
23/05/2024,5.1437
24/05/2024,5.1502
27/05/2024,5.1698
28/05/2024,5.1532
29/05/2024,5.1966
31/05/2024,5.241
03/06/2024,5.2367
04/06/2024,5.2681
05/06/2024,5.2835
06/06/2024,5.2675
07/06/2024,5.2796
10/06/2024,5.366
11/06/2024,5.3519
12/06/2024,5.3885
13/06/2024,5.3968
14/06/2024,5.3624
17/06/2024,5.4124
18/06/2024,5.4068
19/06/2024,5.4641
20/06/2024,5.4248
21/06/2024,5.441
24/06/2024,5.3994
25/06/2024,5.4283
26/06/2024,5.5091
27/06/2024,5.5223
28/06/2024,5.5583
01/07/2024,5.5887
02/07/2024,5.6671
03/07/2024,5.5857
04/07/2024,5.4833
05/07/2024,5.4964
08/07/2024,5.4714
09/07/2024,5.4381
10/07/2024,5.3961
11/07/2024,5.4094
12/07/2024,5.4523
15/07/2024,5.4557
16/07/2024,5.4268
17/07/2024,5.4664
18/07/2024,5.542
19/07/2024,5.5537
22/07/2024,5.5592
23/07/2024,5.5801
24/07/2024,5.634
25/07/2024,5.6396
26/07/2024,5.6459
29/07/2024,5.6473
30/07/2024,5.6526
31/07/2024,5.6615
01/08/2024,5.6675
02/08/2024,5.736
05/08/2024,5.764
06/08/2024,5.6522
07/08/2024,5.6087
08/08/2024,5.6166
09/08/2024,5.5109
12/08/2024,5.4905
13/08/2024,5.4869
14/08/2024,5.4496
15/08/2024,5.4645
16/08/2024,5.4626
19/08/2024,5.4231
20/08/2024,5.4541
21/08/2024,5.4701
22/08/2024,5.5518
23/08/2024,5.5257
26/08/2024,5.4915
27/08/2024,5.4963
28/08/2024,5.5309
29/08/2024,5.6352
30/08/2024,5.6556
02/09/2024,5.6224
03/09/2024,5.6218
04/09/2024,5.6353
05/09/2024,5.6043
06/09/2024,5.5696
09/09/2024,5.6091
10/09/2024,5.6248
11/09/2024,5.6381
12/09/2024,5.6548
13/09/2024,5.5711
16/09/2024,5.5201
17/09/2024,5.5004
18/09/2024,5.4761
19/09/2024,5.4183
20/09/2024,5.4769
23/09/2024,5.544
24/09/2024,5.4696
25/09/2024,5.473
26/09/2024,5.4406
27/09/2024,5.4425
30/09/2024,5.4475
01/10/2024,5.4515
02/10/2024,5.4299
03/10/2024,5.4844
04/10/2024,5.468
07/10/2024,5.462
08/10/2024,5.5191
09/10/2024,5.5731
10/10/2024,5.5813
11/10/2024,5.6257
14/10/2024,5.6039
15/10/2024,5.6372
16/10/2024,5.6743
17/10/2024,5.6752
18/10/2024,5.6666
21/10/2024,5.7062
22/10/2024,5.6952
23/10/2024,5.7143
24/10/2024,5.7081
25/10/2024,5.6963
28/10/2024,5.6982
29/10/2024,5.7134
30/10/2024,5.7795
31/10/2024,5.7773
01/11/2024,5.8067
04/11/2024,5.7892
05/11/2024,5.784
06/11/2024,5.7642
07/11/2024,5.6618
08/11/2024,5.7642
11/11/2024,5.7974
12/11/2024,5.7688
13/11/2024,5.7707
14/11/2024,5.7879
18/11/2024,5.7597
19/11/2024,5.7737
21/11/2024,5.8167
22/11/2024,5.8118
25/11/2024,5.7996
26/11/2024,5.7984
27/11/2024,5.8285
28/11/2024,5.9865
29/11/2024,6.0529
02/12/2024,6.0628
03/12/2024,6.0701
04/12/2024,6.0575
05/12/2024,5.9843
06/12/2024,6.0287
09/12/2024,6.0564
10/12/2024,6.0523
11/12/2024,6.0314
12/12/2024,5.9402
13/12/2024,6.0394
16/12/2024,6.0504
17/12/2024,6.1679
18/12/2024,6.1618
19/12/2024,6.1835
20/12/2024,6.0774
23/12/2024,6.1606
24/12/2024,6.1527
26/12/2024,6.165
27/12/2024,6.1985
30/12/2024,6.1917
31/12/2024,6.1917
02/01/2025,6.208
03/01/2025,6.1557
06/01/2025,6.1113
07/01/2025,6.0735
08/01/2025,6.1315
09/01/2025,6.089
10/01/2025,6.0959
13/01/2025,6.1073
14/01/2025,6.0665
15/01/2025,6.0371
16/01/2025,6.0316
17/01/2025,6.0603
20/01/2025,6.0492
21/01/2025,6.0434
22/01/2025,5.9668
23/01/2025,5.9393
24/01/2025,5.8919
27/01/2025,5.9266
28/01/2025,5.8924
29/01/2025,5.859
30/01/2025,5.9
31/01/2025,5.8295
03/02/2025,5.8681
04/02/2025,5.7921
05/02/2025,5.7991
06/02/2025,5.785
07/02/2025,5.7551
10/02/2025,5.7802
11/02/2025,5.7782
12/02/2025,5.7705
13/02/2025,5.7782
14/02/2025,5.7277
17/02/2025,5.7099
18/02/2025,5.6973
19/02/2025,5.7081
20/02/2025,5.7013
21/02/2025,5.7021
24/02/2025,5.7252
25/02/2025,5.7773
26/02/2025,5.7751
27/02/2025,5.8222
28/02/2025,5.8482
05/03/2025,5.7908
06/03/2025,5.7483
07/03/2025,5.7682
10/03/2025,5.7924
11/03/2025,5.8341
12/03/2025,5.8262
13/03/2025,5.8125
14/03/2025,5.7413
17/03/2025,5.7076
18/03/2025,5.6846
19/03/2025,5.6651
20/03/2025,5.6622
21/03/2025,5.7235
24/03/2025,5.7397
25/03/2025,5.6986
26/03/2025,5.7292
27/03/2025,5.7468
28/03/2025,5.7654
31/03/2025,5.7416
01/04/2025,5.7045
02/04/2025,5.6918
03/04/2025,5.6062
04/04/2025,5.7771
07/04/2025,5.8871
08/04/2025,5.9362
09/04/2025,6.0599
10/04/2025,5.9109
11/04/2025,5.8731
14/04/2025,5.8419
15/04/2025,5.8701
16/04/2025,5.8802
17/04/2025,5.8553
22/04/2025,5.749
23/04/2025,5.6874
24/04/2025,5.6732
25/04/2025,5.684
28/04/2025,5.6675
29/04/2025,5.6461
30/04/2025,5.6602
02/05/2025,5.6388
05/05/2025,5.6514
06/05/2025,5.7204
07/05/2025,5.7368
08/05/2025,5.6854
09/05/2025,5.6505
12/05/2025,5.6816
13/05/2025,5.6256
14/05/2025,5.6094
15/05/2025,5.6322
16/05/2025,5.6919
19/05/2025,5.6585
20/05/2025,5.6614
21/05/2025,5.6565
22/05/2025,5.6384
23/05/2025,5.6926
26/05/2025,5.6613
27/05/2025,5.6533
28/05/2025,5.693
29/05/2025,5.6553
30/05/2025,5.7081
02/06/2025,5.6931
03/06/2025,5.6688
04/06/2025,5.6326
05/06/2025,5.5963
06/06/2025,5.5941
09/06/2025,5.5754
10/06/2025,5.5551
11/06/2025,5.5384
12/06/2025,5.5382
13/06/2025,5.5646
16/06/2025,5.5117
17/06/2025,5.4767
18/06/2025,5.4873
20/06/2025,5.4951
23/06/2025,5.5207
24/06/2025,5.4932
25/06/2025,5.5421
26/06/2025,5.5139
27/06/2025,5.4753
30/06/2025,5.4565
01/07/2025,5.4505
02/07/2025,5.4506
03/07/2025,5.4202
04/07/2025,5.4084
07/07/2025,5.4546
08/07/2025,5.4565
09/07/2025,5.462
10/07/2025,5.5427
11/07/2025,5.5716
14/07/2025,5.5589
15/07/2025,5.5569
16/07/2025,5.5716
17/07/2025,5.5731
18/07/2025,5.546
21/07/2025,5.5619
22/07/2025,5.5703
23/07/2025,5.5531
24/07/2025,5.5233
25/07/2025,5.542
28/07/2025,5.5871
29/07/2025,5.5758
30/07/2025,5.6028
31/07/2025,5.6015
01/08/2025,5.543
04/08/2025,5.5107
05/08/2025,5.5113
06/08/2025,5.4796
07/08/2025,5.4632
08/08/2025,5.4248
11/08/2025,5.4467
12/08/2025,5.4046
13/08/2025,5.3922
14/08/2025,5.4089
15/08/2025,5.3922
18/08/2025,5.4149
19/08/2025,5.471
20/08/2025,5.472
21/08/2025,5.4822
22/08/2025,5.4386
25/08/2025,5.4168
26/08/2025,5.4212
27/08/2025,5.4422
28/08/2025,5.4109
29/08/2025,5.4258
01/09/2025,5.4372
02/09/2025,5.4674
03/09/2025,5.4479
04/09/2025,5.4581
05/09/2025,5.3962
08/09/2025,5.4272
09/09/2025,5.4272
10/09/2025,5.4117
11/09/2025,5.3852
12/09/2025,5.3671
15/09/2025,5.3202
16/09/2025,5.309
17/09/2025,5.3005
18/09/2025,5.3004
19/09/2025,5.327
22/09/2025,5.3451
23/09/2025,5.3057
24/09/2025,5.3106
25/09/2025,5.3419
26/09/2025,5.3439
29/09/2025,5.3223
30/09/2025,5.318
01/10/2025,5.3202
02/10/2025,5.3443
03/10/2025,5.3492
06/10/2025,5.322
07/10/2025,5.3357
08/10/2025,5.3421
09/10/2025,5.3532
10/10/2025,5.444
13/10/2025,5.4623
14/10/2025,5.4976
15/10/2025,5.4458
16/10/2025,5.4348
17/10/2025,5.4384
20/10/2025,5.3765
21/10/2025,5.3842
22/10/2025,5.3892
23/10/2025,5.3834
24/10/2025,5.3791
27/10/2025,5.3738
28/10/2025,5.3684
29/10/2025,5.341
30/10/2025,5.3844
31/10/2025,5.3837
03/11/2025,5.3499
04/11/2025,5.384
05/11/2025,5.3792
06/11/2025,5.3445
07/11/2025,5.3561
10/11/2025,5.3175
11/11/2025,5.2723
12/11/2025,5.2879
13/11/2025,5.2814
14/11/2025,5.2946
17/11/2025,5.3102
18/11/2025,5.3355
19/11/2025,5.334
21/11/2025,5.3896
24/11/2025,5.3942
25/11/2025,5.3835
26/11/2025,5.3688
27/11/2025,5.3484
28/11/2025,5.3332
01/12/2025,5.3463
02/12/2025,5.3459
03/12/2025,5.3108
04/12/2025,5.2946
05/12/2025,5.3399
08/12/2025,5.4243
09/12/2025,5.4564
10/12/2025,5.465
11/12/2025,5.4231
12/12/2025,5.4005
15/12/2025,5.3923
16/12/2025,5.4499
17/12/2025,5.5087
18/12/2025,5.5277
19/12/2025,5.5154
22/12/2025,5.5383
23/12/2025,5.5637
24/12/2025,5.5342
26/12/2025,5.5407
29/12/2025,5.5733
30/12/2025,5.5018
31/12/2025,5.5018
02/01/2026,5.4366
